indicatorName,indicatorCode,year,yearcode,Canada,China,France,Germany,India,Italy,Japan,Morocco,Nepal,Russian Federation,United Kingdom,United States
"Birth rate, crude (per 1,000 people)",SP.DYN.CBRT.IN,1960,X1960,26.7,20.86,18.7,17.3,42.107,18.1,17.3,51.142,44.886,23.788,17.5,23.7
"Birth rate, crude (per 1,000 people)",SP.DYN.CBRT.IN,1961,X1961,26,18.02,18.7,17.9,41.865,18.4,17,50.757,44.541,22.734,17.9,23.3
"Birth rate, crude (per 1,000 people)",SP.DYN.CBRT.IN,1962,X1962,25.2,37.01,18.6,17.8,41.602,18.4,17.1,50.238,44.226,21.543,18.3,22.4
"Birth rate, crude (per 1,000 people)",SP.DYN.CBRT.IN,1963,X1963,24.6,43.37,18.5,18.1,41.317,18.7,17.4,49.583,43.947,20.257,18.5,21.7
"Birth rate, crude (per 1,000 people)",SP.DYN.CBRT.IN,1964,X1964,23.4,39.14,18.4,18,41.013,19.7,17.8,48.804,43.706,18.936,18.8,21.1
"Birth rate, crude (per 1,000 people)",SP.DYN.CBRT.IN,1965,X1965,21.3,37.88,18.2,17.4,40.696,19,18.7,47.917,43.499,17.677,18.3,19.4
"Birth rate, crude (per 1,000 people)",SP.DYN.CBRT.IN,1966,X1966,19.3,35.05,18,17.2,40.374,18.7,13.8,46.945,43.323,16.579,17.9,18.4
"Birth rate, crude (per 1,000 people)",SP.DYN.CBRT.IN,1967,X1967,18.2,33.96,17.7,16.5,40.057,17.9,19.4,45.927,43.169,15.708,17.5,17.8
"Birth rate, crude (per 1,000 people)",SP.DYN.CBRT.IN,1968,X1968,17.6,35.59,17.5,15.7,39.747,17.7,18.7,44.902,43.029,15.099,17.2,17.6
"Birth rate, crude (per 1,000 people)",SP.DYN.CBRT.IN,1969,X1969,17.6,34.11,17.3,14.7,39.447,17.4,18.5,43.905,42.9,14.762,16.6,17.9
"Birth rate, crude (per 1,000 people)",SP.DYN.CBRT.IN,1970,X1970,17.4,33.43,17,13.4,39.15,16.7,18.7,42.969,42.784,14.673,16.2,18.4
"Birth rate, crude (per 1,000 people)",SP.DYN.CBRT.IN,1971,X1971,16.8,30.65,16.7,12.9,38.847,16.8,19.1,42.119,42.685,14.77,16.1,17.2
"Birth rate, crude (per 1,000 people)",SP.DYN.CBRT.IN,1972,X1972,15.9,29.77,16.3,11.5,38.529,16.3,19.2,41.356,42.606,14.963,14.9,15.6
"Birth rate, crude (per 1,000 people)",SP.DYN.CBRT.IN,1973,X1973,15.6,27.93,15.9,10.3,38.193,16,19.4,40.679,42.545,15.171,13.9,14.8
"Birth rate, crude (per 1,000 people)",SP.DYN.CBRT.IN,1974,X1974,15.4,24.82,15.5,10.2,37.842,15.8,18.4,40.088,42.494,15.358,13.1,14.8
"Birth rate, crude (per 1,000 people)",SP.DYN.CBRT.IN,1975,X1975,15.8,23.01,15,9.9,37.491,14.9,17,39.589,42.443,15.51,12.4,14.6
"Birth rate, crude (per 1,000 people)",SP.DYN.CBRT.IN,1976,X1976,15.6,19.91,14.6,10.2,37.156,14,16.2,39.182,42.383,15.641,12,14.6
"Birth rate, crude (per 1,000 people)",SP.DYN.CBRT.IN,1977,X1977,15.5,18.93,14.3,10.3,36.852,13.2,15.4,38.843,42.303,15.782,11.7,15.1
"Birth rate, crude (per 1,000 people)",SP.DYN.CBRT.IN,1978,X1978,15.2,18.25,14.1,10.4,36.58,12.6,14.8,38.537,42.195,15.952,12.2,15
"Birth rate, crude (per 1,000 people)",SP.DYN.CBRT.IN,1979,X1979,15.4,17.82,14,10.5,36.334,11.9,14.1,38.231,42.051,15.8,13.1,15.6
"Birth rate, crude (per 1,000 people)",SP.DYN.CBRT.IN,1980,X1980,15.4,18.21,14,11.1,36.098,11.3,13.5,37.871,41.871,15.9,13.4,15.9
"Birth rate, crude (per 1,000 people)",SP.DYN.CBRT.IN,1981,X1981,15.3,20.91,14.1,11,35.85,11,13,37.403,41.656,16,13,15.8
"Birth rate, crude (per 1,000 people)",SP.DYN.CBRT.IN,1982,X1982,15.1,22.28,14.2,11,35.565,10.9,12.8,36.801,41.411,16.6,12.8,15.9
"Birth rate, crude (per 1,000 people)",SP.DYN.CBRT.IN,1983,X1983,15,20.19,14.2,10.6,35.227,10.6,12.7,36.058,41.142,17.5,12.8,15.6
"Birth rate, crude (per 1,000 people)",SP.DYN.CBRT.IN,1984,X1984,15,19.9,14.3,10.4,34.828,10.4,12.5,35.179,40.85,16.9,12.9,15.6
"Birth rate, crude (per 1,000 people)",SP.DYN.CBRT.IN,1985,X1985,14.9,21.04,14.2,10.5,34.366,10.2,11.9,34.196,40.533,16.6,13.3,15.8
"Birth rate, crude (per 1,000 people)",SP.DYN.CBRT.IN,1986,X1986,14.5,22.43,14.1,10.9,33.844,9.8,11.4,33.158,40.19,17.2,13.3,15.6
"Birth rate, crude (per 1,000 people)",SP.DYN.CBRT.IN,1987,X1987,14.4,23.33,14,11.2,33.281,9.7,11.1,32.124,39.82,17.2,13.7,15.7
"Birth rate, crude (per 1,000 people)",SP.DYN.CBRT.IN,1988,X1988,14.5,22.37,13.8,11.4,32.694,10.1,10.8,31.138,39.422,16,13.8,16
"Birth rate, crude (per 1,000 people)",SP.DYN.CBRT.IN,1989,X1989,14.9,21.58,13.6,11.2,32.095,9.9,10.2,30.219,38.996,14.6,13.6,16.4
"Birth rate, crude (per 1,000 people)",SP.DYN.CBRT.IN,1990,X1990,15,21.06,13.4,11.4,31.498,10,10,29.365,38.546,13.4,13.9,16.7
"Birth rate, crude (per 1,000 people)",SP.DYN.CBRT.IN,1991,X1991,14.9,19.68,13.2,10.4,30.912,9.9,9.9,28.553,38.079,12.1,13.8,16.2
"Birth rate, crude (per 1,000 people)",SP.DYN.CBRT.IN,1992,X1992,14.7,18.27,13.1,10,30.343,10,9.8,27.749,37.594,10.7,13.6,15.8
"Birth rate, crude (per 1,000 people)",SP.DYN.CBRT.IN,1993,X1993,13.6,18.09,13,9.8,29.794,9.7,9.6,26.929,37.09,9.4,13.2,15.4
"Birth rate, crude (per 1,000 people)",SP.DYN.CBRT.IN,1994,X1994,13.1,17.7,12.5,9.5,29.267,9.4,10,26.094,36.56,9.5,13,15
"Birth rate, crude (per 1,000 people)",SP.DYN.CBRT.IN,1995,X1995,12.6,17.12,12.8,9.4,28.766,9.2,9.54,25.251,35.989,9.3,12.6,14.6
"Birth rate, crude (per 1,000 people)",SP.DYN.CBRT.IN,1996,X1996,12,16.98,12.8,9.7,28.286,9.3,9.6,24.411,35.357,8.9,12.6,14.4
"Birth rate, crude (per 1,000 people)",SP.DYN.CBRT.IN,1997,X1997,11.6,16.57,12.7,9.9,27.822,9.4,9.5,23.599,34.655,8.6,12.5,14.2
"Birth rate, crude (per 1,000 people)",SP.DYN.CBRT.IN,1998,X1998,11.4,15.64,12.8,9.6,27.365,9.4,9.6,22.841,33.879,8.8,12.3,14.3
"Birth rate, crude (per 1,000 people)",SP.DYN.CBRT.IN,1999,X1999,11.2,14.64,12.9,9.4,26.911,9.4,9.3,22.157,33.036,8.3,11.9,14.2
"Birth rate, crude (per 1,000 people)",SP.DYN.CBRT.IN,2000,X2000,10.9,14.03,13.3,9.3,26.459,9.5,9.4,21.573,32.137,8.7,11.5,14.4
"Birth rate, crude (per 1,000 people)",SP.DYN.CBRT.IN,2001,X2001,10.6,13.38,13.1,8.9,26.004,9.4,9.3,21.112,31.2,9.1,11.3,14.1
"Birth rate, crude (per 1,000 people)",SP.DYN.CBRT.IN,2002,X2002,10.7,12.86,12.9,8.7,25.547,9.4,9.3,20.776,30.249,9.8,11.3,14
"Birth rate, crude (per 1,000 people)",SP.DYN.CBRT.IN,2003,X2003,10.5,12.41,12.8,8.6,25.087,9.5,9.2,20.56,29.301,10.2,11.7,14.1
"Birth rate, crude (per 1,000 people)",SP.DYN.CBRT.IN,2004,X2004,10.65,12.29,12.8,8.6,24.622,9.8,8.693604565,20.454,28.369,10.4,11.9,14
"Birth rate, crude (per 1,000 people)",SP.DYN.CBRT.IN,2005,X2005,10.65,12.4,12.8,8.3,24.146,9.6,8.413292219,20.453,27.451,10.2,12,14
"Birth rate, crude (per 1,000 people)",SP.DYN.CBRT.IN,2006,X2006,10.9,12.09,13.1,8.2,23.653,9.6,8.65,20.546,26.533,10.4,12.3,14.3
"Birth rate, crude (per 1,000 people)",SP.DYN.CBRT.IN,2007,X2007,11.2,12.1,12.8,8.3,23.144,9.7,8.63,20.703,25.607,11.3,12.6,14.3
"Birth rate, crude (per 1,000 people)",SP.DYN.CBRT.IN,2008,X2008,11.3,12.14,12.9,8.3,22.625,9.8,8.7,20.889,24.676,12,12.9,14
"Birth rate, crude (per 1,000 people)",SP.DYN.CBRT.IN,2009,X2009,11.3,12.13,12.8,8.1,22.103,9.6,8.5,21.069,23.76,12.3,12.7,13.5
"Birth rate, crude (per 1,000 people)",SP.DYN.CBRT.IN,2010,X2010,11.1,11.9,12.9,8.3,21.595,9.5,8.5,21.2,22.892,12.5,12.9,13
"Birth rate, crude (per 1,000 people)",SP.DYN.CBRT.IN,2011,X2011,11,11.93,12.7,8.3,21.116,9.2,8.3,21.245,22.116,12.6,12.8,12.7
"Birth rate, crude (per 1,000 people)",SP.DYN.CBRT.IN,2012,X2012,11,12.1,12.6,8.4,20.679,9,8.2,21.187,21.455,13.3,12.8,12.6
"Birth rate, crude (per 1,000 people)",SP.DYN.CBRT.IN,2013,X2013,11,12.08,12.4,8.5,20.291,8.5,8.2,21.023,20.923,13.2,12.1,12.4
"Birth rate, crude (per 1,000 people)",SP.DYN.CBRT.IN,2014,X2014,10.9,12.37,12.4,8.8,19.952,8.3,8,20.75,20.516,13.3,12,12.5
"Birth rate, crude (per 1,000 people)",SP.DYN.CBRT.IN,2015,X2015,10.9,12.1,12,9,19.658,8,7.9,20.38,20.216,13.3,11.9,12.4
"Death rate, crude (per 1,000 people)",SP.DYN.CDRT.IN,1960,X1960,7.8,25.43,11.4,12,22.423,9.6,7.6,18.487,27.631,8.304,11.5,9.5
"Death rate, crude (per 1,000 people)",SP.DYN.CDRT.IN,1961,X1961,7.7,14.24,11.3,11.6,21.877,9.3,7.4,18.114,27.231,8.176,12,9.3
"Death rate, crude (per 1,000 people)",SP.DYN.CDRT.IN,1962,X1962,7.7,10.02,11.2,11.9,21.337,10,7.5,17.717,26.783,8.099,11.9,9.5
"Death rate, crude (per 1,000 people)",SP.DYN.CDRT.IN,1963,X1963,7.8,10.04,11.1,12,20.8,10.1,7,17.301,26.295,8.068,12.2,9.6
"Death rate, crude (per 1,000 people)",SP.DYN.CDRT.IN,1964,X1964,7.5,11.5,11.1,11.6,20.267,9.5,6.9,16.876,25.779,8.081,11.3,9.4
"Death rate, crude (per 1,000 people)",SP.DYN.CDRT.IN,1965,X1965,7.6,9.5,11.1,12,19.739,9.9,7.1,16.449,25.245,8.132,11.6,9.4
"Death rate, crude (per 1,000 people)",SP.DYN.CDRT.IN,1966,X1966,7.5,8.83,11,11.9,19.217,9.4,6.8,16.027,24.705,8.221,11.8,9.5
"Death rate, crude (per 1,000 people)",SP.DYN.CDRT.IN,1967,X1967,7.4,8.43,11,11.9,18.703,9.6,6.7,15.614,24.167,8.343,11.2,9.4
"Death rate, crude (per 1,000 people)",SP.DYN.CDRT.IN,1968,X1968,7.4,8.21,10.9,12.6,18.199,10,6.8,15.214,23.637,8.493,11.9,9.8
"Death rate, crude (per 1,000 people)",SP.DYN.CDRT.IN,1969,X1969,7.3,8.03,10.9,12.7,17.706,10.1,6.8,14.831,23.122,8.664,11.9,9.5
"Death rate, crude (per 1,000 people)",SP.DYN.CDRT.IN,1970,X1970,7.3,7.6,10.8,12.5,17.224,9.7,6.9,14.468,22.629,8.851,11.8,9.5
"Death rate, crude (per 1,000 people)",SP.DYN.CDRT.IN,1971,X1971,7.3,7.32,10.8,12.3,16.752,9.7,6.5,14.13,22.159,9.05,11.5,9.3
"Death rate, crude (per 1,000 people)",SP.DYN.CDRT.IN,1972,X1972,7.4,7.61,10.7,12.3,16.29,9.6,6.4,13.812,21.708,9.259,12,9.4
"Death rate, crude (per 1,000 people)",SP.DYN.CDRT.IN,1973,X1973,7.4,7.04,10.6,12.2,15.84,10,6.6,13.508,21.269,9.473,11.9,9.3
"Death rate, crude (per 1,000 people)",SP.DYN.CDRT.IN,1974,X1974,7.4,7.34,10.5,12.1,15.403,9.7,6.4,13.21,20.839,9.689,11.9,9.1
"Death rate, crude (per 1,000 people)",SP.DYN.CDRT.IN,1975,X1975,7.3,7.32,10.4,12.6,14.985,10,6.2,12.911,20.411,9.906,11.8,8.8
"Death rate, crude (per 1,000 people)",SP.DYN.CDRT.IN,1976,X1976,7.2,7.25,10.4,12.3,14.59,9.9,6.2,12.597,19.98,10.125,12.1,8.8
"Death rate, crude (per 1,000 people)",SP.DYN.CDRT.IN,1977,X1977,7.1,6.87,10.3,11.9,14.222,9.8,6,12.263,19.541,10.347,11.7,8.6
"Death rate, crude (per 1,000 people)",SP.DYN.CDRT.IN,1978,X1978,7.1,6.25,10.2,12.2,13.881,9.6,6,11.904,19.089,10.567,11.9,8.7
"Death rate, crude (per 1,000 people)",SP.DYN.CDRT.IN,1979,X1979,7,6.21,10.2,12.1,13.569,9.6,5.9,11.519,18.623,10.8,12,8.5
"Death rate, crude (per 1,000 people)",SP.DYN.CDRT.IN,1980,X1980,7.1,6.34,10.2,12.2,13.283,9.8,6.1,11.11,18.142,11,11.7,8.8
"Death rate, crude (per 1,000 people)",SP.DYN.CDRT.IN,1981,X1981,7,6.36,10.1,12.2,13.023,9.7,6.1,10.681,17.648,10.9,11.7,8.6
"Death rate, crude (per 1,000 people)",SP.DYN.CDRT.IN,1982,X1982,7.1,6.6,10,12,12.783,9.5,6,10.242,17.144,10.7,11.8,8.5
"Death rate, crude (per 1,000 people)",SP.DYN.CDRT.IN,1983,X1983,7,6.9,10,12,12.556,10,6.2,9.805,16.634,11.1,11.7,8.6
"Death rate, crude (per 1,000 people)",SP.DYN.CDRT.IN,1984,X1984,7,6.82,9.9,11.8,12.336,9.5,6.2,9.378,16.121,11.6,11.4,8.7
"Death rate, crude (per 1,000 people)",SP.DYN.CDRT.IN,1985,X1985,7,6.78,9.8,12,12.116,9.7,6.2,8.971,15.603,11.3,11.9,8.7
"Death rate, crude (per 1,000 people)",SP.DYN.CDRT.IN,1986,X1986,7.2,6.86,9.7,11.9,11.887,9.6,6.2,8.59,15.078,10.4,11.7,8.7
"Death rate, crude (per 1,000 people)",SP.DYN.CDRT.IN,1987,X1987,7.2,6.72,9.6,11.6,11.647,9.4,6.7,8.237,14.546,10.5,11.3,8.6
"Death rate, crude (per 1,000 people)",SP.DYN.CDRT.IN,1988,X1988,7.3,6.64,9.5,11.5,11.395,9.5,6.5,7.916,14.008,10.7,11.4,8.9
"Death rate, crude (per 1,000 people)",SP.DYN.CDRT.IN,1989,X1989,7.3,6.54,9.4,11.5,11.131,9.4,6.4,7.628,13.468,10.7,11.5,8.8
"Death rate, crude (per 1,000 people)",SP.DYN.CDRT.IN,1990,X1990,7.3,6.67,9.3,11.6,10.858,9.6,6.7,7.379,12.93,11.2,11.2,8.6
"Death rate, crude (per 1,000 people)",SP.DYN.CDRT.IN,1991,X1991,7.2,6.7,9.2,11.4,10.581,9.7,6.7,7.17,12.398,11.4,11.3,8.6
"Death rate, crude (per 1,000 people)",SP.DYN.CDRT.IN,1992,X1992,6.9,6.64,9.2,11,10.307,9.6,6.9,6.996,11.877,12.2,11,8.5
"Death rate, crude (per 1,000 people)",SP.DYN.CDRT.IN,1993,X1993,6.8,6.64,9.2,11.1,10.043,9.7,7.1,6.853,11.373,14.5,11.4,8.8
"Death rate, crude (per 1,000 people)",SP.DYN.CDRT.IN,1994,X1994,7.2,6.49,9.1,10.9,9.793,9.7,7.1,6.737,10.888,15.7,10.8,8.8
"Death rate, crude (per 1,000 people)",SP.DYN.CDRT.IN,1995,X1995,7.1,6.57,9.1,10.8,9.563,9.8,7.41,6.643,10.429,15,11.1,8.8
"Death rate, crude (per 1,000 people)",SP.DYN.CDRT.IN,1996,X1996,7.3,6.56,9.1,10.8,9.352,9.7,7.1,6.567,9.995,14.2,10.9,8.8
"Death rate, crude (per 1,000 people)",SP.DYN.CDRT.IN,1997,X1997,7.2,6.51,9.1,10.5,9.161,9.8,7.3,6.503,9.586,13.8,10.8,8.7
"Death rate, crude (per 1,000 people)",SP.DYN.CDRT.IN,1998,X1998,7.2,6.5,9.1,10.4,8.986,10,7.5,6.446,9.203,13.5,10.8,8.6
"Death rate, crude (per 1,000 people)",SP.DYN.CDRT.IN,1999,X1999,7.3,6.46,9.1,10.3,8.828,9.8,7.8,6.394,8.847,14.6,10.8,8.6
"Death rate, crude (per 1,000 people)",SP.DYN.CDRT.IN,2000,X2000,7.1,6.45,8.9,10.2,8.684,9.8,7.7,6.345,8.521,15.3,10.3,8.5
"Death rate, crude (per 1,000 people)",SP.DYN.CDRT.IN,2001,X2001,7.1,6.43,8.8,10.1,8.553,9.6,7.7,6.298,8.226,15.6,10.2,8.5
"Death rate, crude (per 1,000 people)",SP.DYN.CDRT.IN,2002,X2002,7.1,6.41,8.8,10.2,8.433,9.8,8.1,6.256,7.963,15.4,10.2,8.5
"Death rate, crude (per 1,000 people)",SP.DYN.CDRT.IN,2003,X2003,7.2,6.4,9.1,10.3,8.32,10.2,8.4,6.22,7.73,16.4,10.2,8.4
"Death rate, crude (per 1,000 people)",SP.DYN.CDRT.IN,2004,X2004,7.25,6.42,8.3,9.9,8.213,9.5,8.050859795,6.187,7.524,16,9.7,8.2
"Death rate, crude (per 1,000 people)",SP.DYN.CDRT.IN,2005,X2005,7.1,6.51,8.5,10.1,8.109,9.8,8.530753759,6.153,7.343,16.1,9.6,8.3
"Death rate, crude (per 1,000 people)",SP.DYN.CDRT.IN,2006,X2006,7,6.81,8.3,10,8.005,9.6,8.53,6.115,7.184,15.2,9.4,8.1
"Death rate, crude (per 1,000 people)",SP.DYN.CDRT.IN,2007,X2007,7.1,6.93,8.3,10.1,7.901,9.8,8.71,6.07,7.044,14.6,9.4,8
"Death rate, crude (per 1,000 people)",SP.DYN.CDRT.IN,2008,X2008,7.2,7.06,8.5,10.3,7.8,9.9,9.1,6.017,6.917,14.5,9.4,8.1
"Death rate, crude (per 1,000 people)",SP.DYN.CDRT.IN,2009,X2009,7.1,7.08,8.5,10.4,7.7,10,9.1,5.959,6.803,14.1,9,7.9
"Death rate, crude (per 1,000 people)",SP.DYN.CDRT.IN,2010,X2010,7.1,7.11,8.5,10.5,7.606,9.9,9.5,5.897,6.699,14.2,8.9,8
"Death rate, crude (per 1,000 people)",SP.DYN.CDRT.IN,2011,X2011,7,7.14,8.4,10.6,7.52,10,9.9,5.837,6.605,13.5,8.7,8.1
"Death rate, crude (per 1,000 people)",SP.DYN.CDRT.IN,2012,X2012,7.1,7.15,8.7,10.8,7.446,10.3,10,5.782,6.523,13.3,8.9,8.1
"Death rate, crude (per 1,000 people)",SP.DYN.CDRT.IN,2013,X2013,7.2,7.16,8.7,11.1,7.385,10,10.1,5.737,6.452,13,9,8.2
"Death rate, crude (per 1,000 people)",SP.DYN.CDRT.IN,2014,X2014,7.3,7.16,8.5,10.7,7.339,9.8,10.1,5.703,6.392,13.1,8.8,8.2
"Death rate, crude (per 1,000 people)",SP.DYN.CDRT.IN,2015,X2015,7.5,7.1,9,11.3,7.306,10.7,10.2,5.682,6.339,13,9.3,8.2
"Life expectancy at birth, total (years)",SP.DYN.LE00.IN,1960,X1960,71.13317073,43.354,69.86829268,69.31295122,41.17195122,69.12390244,67.66609756,48.44663415,35.17082927,66.05529268,71.12682927,69.77073171
"Life expectancy at birth, total (years)",SP.DYN.LE00.IN,1961,X1961,71.34609756,43.67334146,70.11707317,69.50995122,41.7904878,69.7602439,68.31,48.86412195,35.53334146,66.59702439,70.87804878,70.27073171
"Life expectancy at birth, total (years)",SP.DYN.LE00.IN,1962,X1962,71.36707317,44.39834146,70.31463415,69.6925122,42.41741463,69.1497561,68.59487805,49.28758537,35.95229268,67.02141463,70.92682927,70.1195122
"Life expectancy at birth, total (years)",SP.DYN.LE00.IN,1963,X1963,71.38073171,45.57887805,70.51463415,69.86009756,43.05273171,69.24804878,69.65804878,49.7147561,36.42517073,67.33990244,70.82682927,69.91707317
"Life expectancy at birth, total (years)",SP.DYN.LE00.IN,1964,X1964,71.77634146,47.18956098,70.66341463,70.01370732,43.69841463,70.31170732,70.13243902,50.142,36.94646341,67.5665122,71.62439024,70.16585366
"Life expectancy at birth, total (years)",SP.DYN.LE00.IN,1965,X1965,71.87219512,49.13931707,70.81219512,70.15182927,44.3535122,70.17170732,70.20195122,50.56487805,37.50568293,67.71885366,71.62439024,70.21463415
"Life expectancy at birth, total (years)",SP.DYN.LE00.IN,1966,X1966,72.00439024,51.28219512,70.96097561,70.27092683,45.0185122,70.92609756,70.98658537,50.97804878,38.09236585,67.8125122,71.57317073,70.21219512
"Life expectancy at birth, total (years)",SP.DYN.LE00.IN,1967,X1967,72.20780488,53.42980488,71.16097561,70.3735122,45.69092683,70.95658537,71.27658537,51.38139024,38.695,67.86014634,72.12439024,70.56097561
"Life expectancy at birth, total (years)",SP.DYN.LE00.IN,1968,X1968,72.35341463,55.4275122,71.3097561,70.46509756,46.3677561,70.78,71.61121951,51.77521951,39.30363415,67.87434146,71.72439024,69.95121951
"Life expectancy at birth, total (years)",SP.DYN.LE00.IN,1969,X1969,72.50146341,57.19187805,71.45853659,70.55068293,47.047,70.81195122,71.83878049,52.16014634,39.90878049,67.86712195,71.72195122,70.50731707
"Life expectancy at birth, total (years)",SP.DYN.LE00.IN,1970,X1970,72.7004878,58.68080488,71.65853659,70.63978049,47.72707317,71.55878049,71.9502439,52.53729268,40.50443902,68.13365854,71.97317073,70.80731707
"Life expectancy at birth, total (years)",SP.DYN.LE00.IN,1971,X1971,73.02926829,59.90797561,71.90731707,70.74287805,48.40741463,71.80682927,72.88292683,52.90368293,41.08814634,68.37658537,72.27317073,71.10731707
"Life expectancy at birth, total (years)",SP.DYN.LE00.IN,1972,X1972,72.93390244,60.95934146,72.10731707,70.867,49.08697561,72.07536585,73.50658537,53.26673171,41.66287805,68.30853659,72.12439024,71.15609756
"Life expectancy at birth, total (years)",SP.DYN.LE00.IN,1973,X1973,73.16268293,61.90646341,72.35609756,71.01668293,49.76029268,72.02634146,73.75756098,53.63631707,42.23612195,68.29463415,72.32439024,71.35609756
"Life expectancy at birth, total (years)",SP.DYN.LE00.IN,1974,X1974,73.23756098,62.76812195,72.60487805,71.19541463,50.42341463,72.73439024,74.39390244,54.02436585,42.80887805,68.3202439,72.52439024,71.95609756
"Life expectancy at birth, total (years)",SP.DYN.LE00.IN,1975,X1975,73.52170732,63.55865854,72.85365854,71.40173171,51.06792683,72.64731707,75.05731707,54.44870732,43.38709756,67.72390244,72.72439024,72.60487805
"Life expectancy at birth, total (years)",SP.DYN.LE00.IN,1976,X1976,73.85609756,64.28258537,73.10243902,71.63414634,51.68946341,72.99195122,75.45682927,54.93068293,43.97529268,67.48756098,72.77560976,72.85609756
"Life expectancy at birth, total (years)",SP.DYN.LE00.IN,1977,X1977,74.21560976,64.93653659,73.35121951,71.88368293,52.28463415,73.36463415,75.89829268,55.47817073,44.57839024,67.37634146,73.22439024,73.25609756
"Life expectancy at birth, total (years)",SP.DYN.LE00.IN,1978,X1978,74.5297561,65.52321951,73.60243902,72.14280488,52.84902439,73.69317073,76.03829268,56.09419512,45.20092683,67.39097561,73.17560976,73.35609756
"Life expectancy at birth, total (years)",SP.DYN.LE00.IN,1979,X1979,74.86634146,66.04968293,73.85121951,72.40853659,53.38070732,74.00268293,76.33756098,56.77534146,45.84539024,67.11439024,73.27560976,73.80487805
"Life expectancy at birth, total (years)",SP.DYN.LE00.IN,1980,X1980,75.07804878,66.5215122,74.05121951,72.67790244,53.87470732,73.94317073,76.09170732,57.51280488,46.51180488,67.03390244,73.67560976,73.6097561
"Life expectancy at birth, total (years)",SP.DYN.LE00.IN,1981,X1981,75.47853659,66.93985366,74.3,72.95239024,54.32853659,74.35390244,76.41439024,58.29185366,47.19821951,67.26390244,74.02682927,74.0097561
"Life expectancy at birth, total (years)",SP.DYN.LE00.IN,1982,X1982,75.6804878,67.3077561,74.5,73.23097561,54.74460976,74.81463415,76.92292683,59.09173171,47.90217073,67.80609756,74.17804878,74.36097561
"Life expectancy at birth, total (years)",SP.DYN.LE00.IN,1983,X1983,76.03634146,67.6287561,74.8,73.51214634,55.13234146,74.6402439,76.96146341,59.88960976,48.62068293,67.65268293,74.37804878,74.46341463
"Life expectancy at birth, total (years)",SP.DYN.LE00.IN,1984,X1984,76.31756098,67.91036585,75,73.79285366,55.49963415,75.3895122,77.36536585,60.6694878,49.35421951,67.20268293,74.77804878,74.56341463
"Life expectancy at birth, total (years)",SP.DYN.LE00.IN,1985,X1985,76.30341463,68.15707317,75.3,74.06453659,55.86090244,75.47073171,77.6504878,61.42078049,50.10626829,67.85682927,74.62926829,74.56341463
"Life expectancy at birth, total (years)",SP.DYN.LE00.IN,1986,X1986,76.44,68.37180488,75.6,74.32163415,56.2305122,75.77073171,78.06463415,62.1387561,50.88029268,69.3897561,74.92926829,74.61463415
"Life expectancy at birth, total (years)",SP.DYN.LE00.IN,1987,X1987,76.7395122,68.55943902,75.8,74.55960976,56.61843902,76.2195122,78.48365854,62.82668293,51.67821951,69.44,75.2804878,74.76585366
"Life expectancy at birth, total (years)",SP.DYN.LE00.IN,1988,X1988,76.80926829,68.72543902,76.1,74.77895122,57.03112195,76.37073171,78.39926829,63.48336585,52.50002439,69.46439024,75.3804878,74.76585366
"Life expectancy at birth, total (years)",SP.DYN.LE00.IN,1989,X1989,77.06560976,68.88029268,76.34878049,74.98268293,57.47304878,76.8195122,78.81804878,64.10478049,53.33968293,69.17170732,75.58292683,75.01707317
"Life expectancy at birth, total (years)",SP.DYN.LE00.IN,1990,X1990,77.37707317,69.0305122,76.6,75.17736585,57.94373171,76.97073171,78.83682927,64.6804878,54.19473171,68.88609756,75.8804878,75.21463415
"Life expectancy at birth, total (years)",SP.DYN.LE00.IN,1991,X1991,77.55341463,69.18209756,76.84878049,75.3195122,58.43821951,77.0195122,79.10073171,65.20309756,55.05863415,68.47439024,76.08292683,75.36585366
"Life expectancy at birth, total (years)",SP.DYN.LE00.IN,1992,X1992,77.32073171,69.33963415,77.1,75.8195122,58.94507317,77.4195122,79.15390244,65.67231707,55.9244878,66.87317073,76.43414634,75.61707317
"Life expectancy at birth, total (years)",SP.DYN.LE00.IN,1993,X1993,77.68512195,69.50921951,77.3,75.87073171,59.45292683,77.72195122,79.29365854,66.09380488,56.78529268,64.93585366,76.38536585,75.4195122
"Life expectancy at birth, total (years)",SP.DYN.LE00.IN,1994,X1994,77.86195122,69.69992683,77.64878049,76.27073171,59.95482927,77.92195122,79.68707317,66.47258537,57.63309756,64.46707317,76.88536585,75.6195122
"Life expectancy at birth, total (years)",SP.DYN.LE00.IN,1995,X1995,77.97756098,69.92641463,77.75121951,76.42195122,60.44436585,78.17073171,79.53634146,66.82068293,58.46441463,64.69073171,76.83658537,75.62195122
"Life expectancy at birth, total (years)",SP.DYN.LE00.IN,1996,X1996,78.2304878,70.19982927,77.95365854,76.67317073,60.91560976,78.52195122,80.2002439,67.14909756,59.27729268,65.85414634,77.08780488,76.02682927
"Life expectancy at birth, total (years)",SP.DYN.LE00.IN,1997,X1997,78.4804878,70.52268293,78.30487805,77.07317073,61.36956098,78.82439024,80.42414634,67.47119512,60.07168293,66.69878049,77.21097561,76.42926829
"Life expectancy at birth, total (years)",SP.DYN.LE00.IN,1998,X1998,78.66243902,70.89046341,78.60487805,77.47560976,61.80721951,78.97560976,80.50146341,67.79892683,60.84760976,67.0297561,77.1902439,76.5804878
"Life expectancy at birth, total (years)",SP.DYN.LE00.IN,1999,X1999,78.88292683,71.29712195,78.75609756,77.72682927,62.22707317,79.42439024,80.57073171,68.1392439,61.60009756,65.98219512,77.3902439,76.58292683
"Life expectancy at birth, total (years)",SP.DYN.LE00.IN,2000,X2000,79.23658537,71.73046341,79.05609756,77.92682927,62.63063415,79.77804878,81.07609756,68.49760976,62.32663415,65.48365854,77.74146341,76.63658537
"Life expectancy at birth, total (years)",SP.DYN.LE00.IN,2001,X2001,79.48780488,72.17578049,79.15853659,78.32926829,63.01985366,80.12682927,81.41707317,68.872,63.02219512,65.38341463,77.99268293,76.83658537
"Life expectancy at birth, total (years)",SP.DYN.LE00.IN,2002,X2002,79.5902439,72.61487805,79.26097561,78.22926829,63.39919512,80.22926829,81.56341463,69.25641463,63.68680488,65.12878049,78.14390244,76.93658537
"Life expectancy at birth, total (years)",SP.DYN.LE00.IN,2003,X2003,79.83902439,73.03312195,79.11463415,78.3804878,63.77453659,79.98292683,81.76,69.64536585,64.32043902,65.04780488,78.44634146,77.03658537
"Life expectancy at birth, total (years)",SP.DYN.LE00.IN,2004,X2004,80.14146341,73.41995122,80.16341463,78.6804878,64.14780488,80.7804878,82.0302439,70.03882927,64.92258537,65.47097561,78.74634146,77.48780488
"Life expectancy at birth, total (years)",SP.DYN.LE00.IN,2005,X2005,80.29268293,73.76695122,80.16341463,78.93170732,64.52387805,80.78292683,81.92512195,70.43982927,65.49429268,65.5297561,79.04878049,77.48780488
"Life expectancy at birth, total (years)",SP.DYN.LE00.IN,2006,X2006,80.29268293,74.07170732,80.81219512,79.13170732,64.90809756,81.28292683,82.32195122,70.85243902,66.03607317,66.72756098,79.24878049,77.68780488
"Life expectancy at birth, total (years)",SP.DYN.LE00.IN,2007,X2007,80.54390244,74.34043902,81.11219512,79.53414634,65.30043902,81.43414634,82.50707317,71.27763415,66.55192683,67.58682927,79.44878049,77.98780488
"Life expectancy at birth, total (years)",SP.DYN.LE00.IN,2008,X2008,80.69512195,74.58326829,81.21463415,79.73658537,65.69943902,81.48536585,82.58756098,71.71141463,67.04536585,67.94926829,79.6,78.03902439
"Life expectancy at birth, total (years)",SP.DYN.LE00.IN,2009,X2009,80.94634146,74.80326829,81.41463415,79.83658537,66.10263415,81.63658537,82.93146341,72.14821951,67.51839024,68.68463415,80.05121951,78.3902439
"Life expectancy at birth, total (years)",SP.DYN.LE00.IN,2010,X2010,81.19756098,75.00741463,81.66341463,79.98780488,66.50614634,82.03658537,82.84268293,72.57692683,67.9714878,68.84121951,80.40243902,78.54146341
"Life expectancy at birth, total (years)",SP.DYN.LE00.IN,2011,X2011,81.44878049,75.20217073,82.11463415,80.43658537,66.90417073,82.18780488,82.59121951,72.98543902,68.40663415,69.68390244,80.95121951,78.64146341
"Life expectancy at birth, total (years)",SP.DYN.LE00.IN,2012,X2012,81.56243902,75.39292683,81.96829268,80.53902439,67.28987805,82.23902439,83.09609756,73.36465854,68.82331707,70.07219512,80.90487805,78.74146341
"Life expectancy at birth, total (years)",SP.DYN.LE00.IN,2013,X2013,81.76504878,75.58514634,82.2195122,80.4902439,67.66041463,82.6902439,83.33195122,73.70904878,69.222,70.57878049,81.00487805,78.74146341
"Life expectancy at birth, total (years)",SP.DYN.LE00.IN,2014,X2014,81.95660976,75.78226829,82.67073171,81.0902439,68.01380488,83.0902439,83.58780488,74.01609756,69.60468293,70.74365854,81.30487805,78.74146341
"Life expectancy at birth, total (years)",SP.DYN.LE00.IN,2015,X2015,82.13763415,75.98634146,82.67073171,81.0902439,68.34856098,83.4902439,83.84365854,74.28931707,69.97334146,70.90853659,81.60487805,78.74146341
Population growth (annual %),SP.POP.GROW,1960,X1960,2.298626535,1.832867681,1.229610037,0.782668664,1.95220635,1.993928406,0.889609026,3.123383885,1.561141763,1.469496501,0.34612887,1.701992777
Population growth (annual %),SP.POP.GROW,1961,X1961,2.00112211,-1.015527787,1.337853117,0.769854344,1.988186784,0.668382874,2.606188325,3.071206122,1.560876551,1.110601836,0.760459939,1.657730037
Population growth (annual %),SP.POP.GROW,1962,X1962,1.859888233,0.820455549,1.412469959,0.879431692,2.020620661,0.67662299,0.93199469,3.004810495,1.572549086,1.111455211,0.848661388,1.537997358
Population growth (annual %),SP.POP.GROW,1963,X1963,1.862845928,2.457647404,1.411512304,0.925875063,2.046164776,0.729553242,1.017429511,2.916215161,1.601485586,1.110532157,0.748366449,1.439164762
Population growth (annual %),SP.POP.GROW,1964,X1964,1.885714943,2.320682987,1.314426534,0.805140883,2.063456042,0.8226237,1.041943684,2.803282409,1.649748339,1.111100258,0.650257749,1.389046055
Population growth (annual %),SP.POP.GROW,1965,X1965,1.810166597,2.381368103,1.154838723,0.853190437,2.075977195,0.842108617,1.074694267,2.677488949,1.711191362,1.110725847,0.642468779,1.250171646
Population growth (annual %),SP.POP.GROW,1966,X1966,1.862813771,2.787331838,0.964756282,0.834560801,2.08342954,0.777304407,0.913064484,2.554405826,1.778369717,0.568815874,0.551303249,1.154893191
Population growth (annual %),SP.POP.GROW,1967,X1967,1.799356505,2.57069762,0.802059644,0.457208527,2.094184689,0.723778173,0.932605318,2.445237522,1.842864912,0.569499005,0.53854377,1.088881207
Population growth (annual %),SP.POP.GROW,1968,X1968,1.613408503,2.610902626,0.705732789,0.444717326,2.117912275,0.631737253,0.333026385,2.350620093,1.900897537,0.569376626,0.48676828,0.998461044
Population growth (annual %),SP.POP.GROW,1969,X1969,1.359783472,2.740002106,0.703901103,0.792983738,2.158447331,0.566058509,2.067320348,2.274675504,1.948775329,0.569238018,0.415803269,0.977242812
Population growth (annual %),SP.POP.GROW,1970,X1970,1.3978316,2.761675566,0.765552418,0.332661393,2.208249919,0.528877032,1.13052183,2.216483055,1.988953541,0.569083468,0.398722458,1.165002667
Population growth (annual %),SP.POP.GROW,1971,X1971,1.496599865,2.74691555,0.852177192,0.183475314,2.260092006,0.466452872,1.287379355,2.160761663,2.027202349,0.5742506,0.417666617,1.264333692
Population growth (annual %),SP.POP.GROW,1972,X1972,1.595371383,2.45735693,0.908216778,0.478481046,2.30211851,0.567712499,1.400779181,2.116414548,2.065838284,0.573246103,0.339057516,1.070522752
Population growth (annual %),SP.POP.GROW,1973,X1973,1.694139969,2.283395364,0.906084716,0.314942451,2.327184106,0.678187648,0.827813913,2.107075841,2.101776707,0.57450135,0.193198186,0.954476729
Population growth (annual %),SP.POP.GROW,1974,X1974,1.792904339,2.065955013,0.822100928,0.038969223,2.330798919,0.654388936,1.908956846,2.138764438,2.135118955,0.573468037,0.06305921,0.913660196
Population growth (annual %),SP.POP.GROW,1975,X1975,1.891677995,1.766391782,0.684624738,-0.372846359,2.319938101,0.597247219,1.60110038,2.197113285,2.165765841,0.573923976,-0.007423363,0.985986067
Population growth (annual %),SP.POP.GROW,1976,X1976,1.322595092,1.547337973,0.531131315,-0.428766875,2.302244136,0.498851058,0.739620035,2.258047739,2.192950806,0.703185038,-0.024603833,0.950220049
Population growth (annual %),SP.POP.GROW,1977,X1977,1.175141392,1.362779476,0.407972849,-0.226376663,2.288167452,0.424722057,0.963675751,2.308101119,2.217226698,0.702683474,-0.032873848,1.005771996
Population growth (annual %),SP.POP.GROW,1978,X1978,1.003520715,1.338182338,0.334534855,-0.087031415,2.282658938,0.35631295,0.904880694,2.351528857,2.239863249,0.70288765,0.005359908,1.05957308
Population growth (annual %),SP.POP.GROW,1979,X1979,0.99766936,1.333927954,0.331797859,0.044207406,2.289445409,0.289147208,0.842409475,2.384038734,2.261234116,0.703053204,0.089728661,1.103576565
Population growth (annual %),SP.POP.GROW,1980,X1980,1.293244953,1.254221052,0.380529801,0.207430406,2.302629911,0.205999752,0.784007592,2.404179991,2.280488916,0.70965548,0.119517254,0.959589923
Population growth (annual %),SP.POP.GROW,1981,X1981,1.240595387,1.280952344,0.441809963,0.152308489,2.315352004,0.12005432,0.738816652,2.423850511,2.305128105,0.667503222,0.034821732,0.981415437
Population growth (annual %),SP.POP.GROW,1982,X1982,1.205555298,1.47267476,0.489756642,-0.095113437,2.319165148,0.07408186,0.678537273,2.432150278,2.326874008,0.628287744,-0.035842794,0.953317566
Population growth (annual %),SP.POP.GROW,1983,X1983,1.002811515,1.444949695,0.53128183,-0.262152572,2.310672676,0.036294637,0.681511043,2.405959691,2.330503571,0.598250932,0.034101374,0.914378513
Population growth (annual %),SP.POP.GROW,1984,X1984,0.961733829,1.312068761,0.558455201,-0.345666402,2.287001069,0.022350913,0.634413291,2.338890151,2.311935942,0.757352968,0.158261863,0.865817336
Population growth (annual %),SP.POP.GROW,1985,X1985,0.929446703,1.361699118,0.57372307,-0.223489902,2.252670746,0.028899939,0.611368674,2.244935251,2.282709878,0.776688028,0.226951225,0.886129041
Population growth (annual %),SP.POP.GROW,1986,X1986,1.004879395,1.487398929,0.591610259,0.045768064,2.215705818,0.005449282,0.609299871,2.139261786,2.234138454,0.717573866,0.23161023,0.924164157
Population growth (annual %),SP.POP.GROW,1987,X1987,1.311767682,1.603605087,0.610566202,0.153617575,2.180266432,0.01020512,0.491825133,2.041397185,2.199937889,0.69738455,0.212637261,0.893829201
Population growth (annual %),SP.POP.GROW,1988,X1988,1.291064804,1.610071086,0.613768546,0.39067896,2.144181704,0.048320597,0.426638544,1.960655732,2.224931564,0.648303809,0.222063894,0.90799904
Population growth (annual %),SP.POP.GROW,1989,X1989,1.783590046,1.533169996,0.596827186,0.773336991,2.108505911,0.075009005,0.40939466,1.904656004,2.32479731,0.586603533,0.26031145,0.944405555
Population growth (annual %),SP.POP.GROW,1990,X1990,1.493593109,1.467303211,0.565757638,0.861969449,2.073447777,0.083708573,0.341370597,1.864045994,2.464556084,0.385794346,0.298930554,1.12965052
Population growth (annual %),SP.POP.GROW,1991,X1991,1.360506174,1.364434008,0.079445051,0.728605547,2.036558784,0.069231189,0.310355946,1.827084998,2.61018989,0.223632366,0.309247932,1.336260741
Population growth (annual %),SP.POP.GROW,1992,X1992,1.2274176,1.225536228,0.497237524,0.760346947,1.999814467,0.067924433,0.248237081,1.779676647,2.708928883,0.043724964,0.270431182,1.386885692
Population growth (annual %),SP.POP.GROW,1993,X1993,1.094331921,1.149619431,0.433290559,0.657391218,1.967829193,0.061135853,0.246819413,1.716743084,2.730413101,-0.113724698,0.239745439,1.31868
Population growth (annual %),SP.POP.GROW,1994,X1994,0.961244717,1.130260632,0.372238258,0.346856649,1.941978838,0.020372074,0.340685789,1.633299314,2.656002651,-0.123965844,0.254586487,1.226296089
Population growth (annual %),SP.POP.GROW,1995,X1995,0.828159179,1.086509151,0.361248204,0.293904444,1.919782703,0.001588562,0.381789601,1.53678582,2.516013897,0.026777506,0.264547417,1.190787091
Population growth (annual %),SP.POP.GROW,1996,X1996,1.077164681,1.048141514,0.354077244,0.289474899,1.89839515,0.028104408,0.25318888,1.443781657,2.36365062,-0.145469155,0.254626384,1.16341162
Population growth (annual %),SP.POP.GROW,1997,X1997,1.057015395,1.023450024,0.3537435,0.146313282,1.874188288,0.05290695,0.238271218,1.359241841,2.224641095,-0.165319441,0.257553323,1.203960297
Population growth (annual %),SP.POP.GROW,1998,X1998,0.865613663,0.959550406,0.368612829,0.015143651,1.845496823,0.028774016,0.27172961,1.274456141,2.082403363,-0.165511937,0.291406085,1.165714526
Population growth (annual %),SP.POP.GROW,1999,X1999,0.827369318,0.865851393,0.514446391,0.064634578,1.810901033,0.016820844,0.182586374,1.189945639,1.942642099,-0.309476734,0.333405882,1.148340047
Population growth (annual %),SP.POP.GROW,2000,X2000,0.882998577,0.787956593,0.684930929,0.1354316,1.772114444,0.045303631,0.167275578,1.110020187,1.806829353,-0.420566975,0.357300887,1.112768997
Population growth (annual %),SP.POP.GROW,2001,X2001,1.009521666,0.726380638,0.727791318,0.168225361,1.732176951,0.056167601,0.240952588,1.032387421,1.674169886,-0.424151028,0.38497597,0.989741382
Population growth (annual %),SP.POP.GROW,2002,X2002,0.897131277,0.669999568,0.727229885,0.168128319,1.692964725,0.148916429,0.232527187,0.968283077,1.54562942,-0.460061305,0.42333708,0.927797486
Population growth (annual %),SP.POP.GROW,2003,X2003,0.996232739,0.622860936,0.708775986,0.055363304,1.653868187,0.444507313,0.213980949,0.933796336,1.425253679,-0.45371986,0.465641114,0.859481713
Population growth (annual %),SP.POP.GROW,2004,X2004,1.002034424,0.593932815,0.736319943,-0.021709728,1.615377319,0.647182705,0.033662258,0.936223459,1.315175857,-0.40261376,0.568943113,0.925483969
Population growth (annual %),SP.POP.GROW,2005,X2005,0.985903767,0.58812499,0.753805556,-0.056778262,1.577221429,0.491389108,0.009392097,0.966862115,1.217714051,-0.381473696,0.686611306,0.921713167
Population growth (annual %),SP.POP.GROW,2006,X2006,0.796844597,0.558374367,0.697191228,-0.112797498,1.540257607,0.300559689,0.063373589,1.001876304,1.120831716,-0.327318706,0.735048678,0.964253917
Population growth (annual %),SP.POP.GROW,2007,X2007,0.969853611,0.522271866,0.618711483,-0.133718573,1.502933906,0.504933687,0.114908848,1.036877076,1.03851908,-0.171024042,0.778666112,0.951055243
Population growth (annual %),SP.POP.GROW,2008,X2008,1.082197086,0.512386932,0.55885743,-0.190142845,1.462900688,0.662469253,0.048425395,1.087925579,0.998557567,-0.043942262,0.787032622,0.945865287
Population growth (annual %),SP.POP.GROW,2009,X2009,1.144840183,0.497381401,0.514486365,-0.25338341,1.419375347,0.45561345,-0.012494631,1.155681139,1.010945392,0.030114067,0.75639086,0.876651299
Population growth (annual %),SP.POP.GROW,2010,X2010,1.113959721,0.482959689,0.494037459,-0.153198447,1.374351006,0.307591222,0.017960542,1.230866063,1.059488285,0.04488739,0.783888647,0.835991599
Population growth (annual %),SP.POP.GROW,2011,X2011,0.987617711,0.479150454,0.483644885,-1.853714629,1.328401097,0.171978291,-0.197526884,1.312602228,1.122298988,0.077967098,0.781677289,0.763850091
Population growth (annual %),SP.POP.GROW,2012,X2012,1.180344799,0.487231118,0.483982304,0.187727801,1.285832037,0.26954124,-0.200320559,1.380524206,1.175139555,0.168301591,0.695315843,0.761807514
Population growth (annual %),SP.POP.GROW,2013,X2013,1.158442913,0.493709634,0.474516613,0.272900215,1.251190626,1.159251117,-0.174866976,1.410372655,1.208880727,0.212923595,0.669533807,0.737405823
Population growth (annual %),SP.POP.GROW,2014,X2014,1.10075487,0.506311592,0.448991378,0.416877359,1.226730296,0.917504096,-0.162550166,1.390819379,1.213172492,0.217700101,0.753349499,0.780696606
Population growth (annual %),SP.POP.GROW,2015,X2015,0.851756047,0.508136747,0.405729567,0.85732638,1.20929453,-0.096376133,-0.136430274,1.336232449,1.195940957,0.192558642,0.794967909,0.784422626
"Population, total",SP.POP.TOTL,1960,X1960,17909009,667070000,46814237,72814900,449661874,50199700,92500572,12328534,10056945,119897000,52400000,180671000
"Population, total",SP.POP.TOTL,1961,X1961,18271000,660330000,47444751,73377632,458691457,50536350,94943000,12713043,10215153,121236000,52800000,183691000
"Population, total",SP.POP.TOTL,1962,X1962,18614000,665770000,48119649,74025784,468054145,50879450,95832000,13100843,10377061,122591000,53250000,186538000
"Population, total",SP.POP.TOTL,1963,X1963,18964000,682335000,48803680,74714353,477729958,51252000,96812000,13488517,10544586,123960000,53650000,189242000
"Population, total",SP.POP.TOTL,1964,X1964,19325000,698355000,49449403,75318337,487690114,51675350,97826000,13871988,10719988,125345000,5.40E+07,191889000
"Population, total",SP.POP.TOTL,1965,X1965,19678000,715185000,50023774,75963695,497920270,52112350,98883000,14248426,10905006,126745000,54348050,194303000
"Population, total",SP.POP.TOTL,1966,X1966,20048000,735400000,50508717,76600311,508402908,52519000,99790000,14617077,11100672,127468000,54648500,196560000
"Population, total",SP.POP.TOTL,1967,X1967,20412000,754550000,50915456,76951336,519162069,52900500,100725000,14978905,11307139,128196000,54943600,198712000
"Population, total",SP.POP.TOTL,1968,X1968,20744000,774510000,51276054,77294314,530274729,53235750,101061000,15335173,11524132,128928000,55211700,200706000
"Population, total",SP.POP.TOTL,1969,X1969,21028000,796025000,51638260,77909682,541844848,53537950,103172000,15687996,11750914,129664000,55441750,202677000
"Population, total",SP.POP.TOTL,1970,X1970,21324000,818315000,52035095,78169289,553943226,53821850,104345000,16039600,11986974,130404000,55663250,205052000
"Population, total",SP.POP.TOTL,1971,X1971,21645535,841105000,52480421,78312842,566605402,54073490,105697000,16389949,12232454,131155000,55896223,207661000
"Population, total",SP.POP.TOTL,1972,X1972,21993631,862030000,52959228,78688452,579800632,54381345,107188000,16740525,12487785,131909000,56086065,209896000
"Population, total",SP.POP.TOTL,1973,X1973,22369408,881940000,53441264,78936666,593451889,54751406,108079000,17097003,12753028,132669000,56194527,211909000
"Population, total",SP.POP.TOTL,1974,X1974,22774087,900350000,53882416,78967433,607446519,55110868,110162000,17466606,13028248,133432000,56229974,213854000
"Population, total",SP.POP.TOTL,1975,X1975,23209000,916395000,54252574,78673554,621703641,55441001,111940000,17854614,13313487,134200000,56225800,215973000
"Population, total",SP.POP.TOTL,1976,X1976,23518000,930685000,54541493,78336950,636182810,55718260,112771000,18262366,13608670,135147000,56211968,218035000
"Population, total",SP.POP.TOTL,1977,X1977,23796000,943455000,54764462,78159814,650907559,55955411,113863000,18688782,13913775,136100000,56193492,220239000
"Population, total",SP.POP.TOTL,1978,X1978,24036000,956165000,54947975,78091820,665936435,56155143,114898000,19133462,14228941,137060000,56196504,222585000
"Population, total",SP.POP.TOTL,1979,X1979,24277000,969005000,55130594,78126350,681358553,56317749,115870000,19595092,14554356,138027000,56246951,225055000
"Population, total",SP.POP.TOTL,1980,X1980,24593000,981235000,55340782,78288576,697229745,56433883,116782000,20071902,14890080,139010000,56314216,227225000
"Population, total",SP.POP.TOTL,1981,X1981,24900000,993885000,55585824,78407907,713561406,56501675,117648000,20564359,15237302,139941000,56333829,229466000
"Population, total",SP.POP.TOTL,1982,X1982,25202000,1008630000,55858727,78333366,730303461,56543548,118449000,21070647,15596012,140823000,56313641,231664000
"Population, total",SP.POP.TOTL,1983,X1983,25456000,1023310000,56156284,78128282,747374856,56564074,119259000,21583746,15963746,141668000,56332848,233792000
"Population, total",SP.POP.TOTL,1984,X1984,25702000,1036825000,56470769,77858685,764664278,56576718,120018000,22094516,16337117,142745000,56422072,235825000
"Population, total",SP.POP.TOTL,1985,X1985,25942000,1051040000,56795686,77684873,782085127,56593071,120754000,22596133,16714335,143858000,56550268,237924000
"Population, total",SP.POP.TOTL,1986,X1986,26204000,1066790000,57132691,77720436,799607235,56596155,121492000,23084731,17091959,144894000,56681396,240133000
"Population, total",SP.POP.TOTL,1987,X1987,26550000,1084035000,57482591,77839920,817232241,56601931,122091000,23560825,17472138,145908000,56802050,242289000
"Population, total",SP.POP.TOTL,1988,X1988,26895000,1101630000,57836486,78144619,834944397,56629288,122613000,24027330,17865238,146857000,56928327,244499000
"Population, total",SP.POP.TOTL,1989,X1989,27379000,1118650000,58182702,78751283,852736160,56671781,123116000,24489354,18285434,147721000,57076711,246819000
"Population, total",SP.POP.TOTL,1990,X1990,27791000,1135185000,58512808,79433029,870601776,56719240,123537000,24950128,18741688,148292000,57247586,249623000
"Population, total",SP.POP.TOTL,1991,X1991,28171682,1150780000,58559312,80013896,888513869,56758521,123921000,25410178,19237322,148624000,57424897,252981000
"Population, total",SP.POP.TOTL,1992,X1992,28519597,1164970000,58851216,80624598,906461358,56797087,124229000,25866445,19765570,148689000,57580402,256514000
"Population, total",SP.POP.TOTL,1993,X1993,28833410,1178440000,59106766,81156363,924475633,56831821,124536000,26314339,20312687,148520000,57718614,259919000
"Population, total",SP.POP.TOTL,1994,X1994,29111906,1191835000,59327194,81438348,942604211,56843400,124961000,26747660,20859421,148336000,57865745,263126000
"Population, total",SP.POP.TOTL,1995,X1995,29354000,1204855000,59541900,81678051,960874982,56844303,125439000,27161889,21390905,148375726,58019030,266278000
"Population, total",SP.POP.TOTL,1996,X1996,29671900,1217550000,59753098,81914831,979290432,56860281,125757000,27556892,21902534,148160042,58166950,269394000
"Population, total",SP.POP.TOTL,1997,X1997,29987200,1230075000,59964845,82034771,997817250,56890372,126057000,27934014,22395247,147915307,58316954,272657000
"Population, total",SP.POP.TOTL,1998,X1998,30247900,1241935000,60186291,82047195,1016402907,56906744,126400000,28292299,22866496,147670692,58487141,275854000
"Population, total",SP.POP.TOTL,1999,X1999,30499200,1252735000,60496715,82100243,1034976626,56916317,126631000,28630973,23315053,147214392,58682466,279040000
"Population, total",SP.POP.TOTL,2000,X2000,30769700,1262645000,60912498,82211508,1053481072,56942108,126843000,28950553,23740145,146596557,58892514,282162411
"Population, total",SP.POP.TOTL,2001,X2001,31081900,1271850000,61357431,82349925,1071888190,56974100,127149000,29250983,24140941,145976083,59119673,284968955
"Population, total",SP.POP.TOTL,2002,X2002,31362000,1280400000,61805267,82488495,1090189358,57059007,127445000,29535591,24516969,145306046,59370479,287625193
"Population, total",SP.POP.TOTL,2003,X2003,31676000,1288400000,62244884,82534176,1108369577,57313203,127718000,29812685,24868900,144648257,59647577,290107933
"Population, total",SP.POP.TOTL,2004,X2004,31995000,1296075000,62704897,82516260,1126419321,57685327,127761000,30093109,25198130,144067054,59987905,292805298
"Population, total",SP.POP.TOTL,2005,X2005,32312000,1303720000,63179356,82469422,1144326293,57969484,127773000,30385479,25506847,143518523,60401206,295516599
"Population, total",SP.POP.TOTL,2006,X2006,32570505,1311020000,63621376,82376451,1162088305,58143979,127854000,30691434,25794344,143049528,60846820,298379912
"Population, total",SP.POP.TOTL,2007,X2007,32887928,1317885000,64016229,82266372,1179685631,58438310,128001000,31011322,26063619,142805088,61322463,301231207
"Population, total",SP.POP.TOTL,2008,X2008,33245773,1324655000,64374990,82110097,1197070109,58826731,128063000,31350544,26325183,142742350,61806995,304093966
"Population, total",SP.POP.TOTL,2009,X2009,33628571,1331260000,64707044,81902307,1214182182,59095365,128047000,31714958,26592666,142785342,62276270,306771529
"Population, total",SP.POP.TOTL,2010,X2010,34005274,1337705000,65027512,81776930,1230984504,59277417,128070000,32107739,26875910,142849449,62766365,309346863
"Population, total",SP.POP.TOTL,2011,X2011,34342780,1344130000,65342776,80274983,1247446011,59379449,127817277,32531964,27179237,142960868,63258918,311718857
"Population, total",SP.POP.TOTL,2012,X2012,34750545,1350695000,65659790,80425823,1263589639,59539717,127561489,32984190,27500515,143201676,63700300,314102623
"Population, total",SP.POP.TOTL,2013,X2013,35155451,1357380000,65972097,80645605,1279498874,60233948,127338621,33452686,27834981,143506911,64128226,316427395
"Population, total",SP.POP.TOTL,2014,X2014,35544564,1364270000,66268972,80982500,1295291543,60789140,127131800,33921203,28174724,143819666,64613160,318907401
"Population, total",SP.POP.TOTL,2015,X2015,35848610,1371220000,66538391,81679769,1311050527,60730582,126958472,34377511,28513700,144096870,65128861,321418820
